house_number,street_name,block
1,JALAN PRIMA 1,KELABU
2,JALAN PRIMA 1,KELABU
3,JALAN PRIMA 1,KELABU
4,JALAN PRIMA 1,KELABU
5,JALAN PRIMA 1,KELABU
6,JALAN PRIMA 1,KELABU
7,JALAN PRIMA 1,KELABU
8,JALAN PRIMA 1,KELABU
9,JALAN PRIMA 1,KELABU
10,JALAN PRIMA 1,KELABU
11,JALAN PRIMA 1,KELABU
12,JALAN PRIMA 1,KELABU
13,JALAN PRIMA 1,KELABU
14,JALAN PRIMA 1,KELABU
15,JALAN PRIMA 1,KELABU
16,JALAN PRIMA 1,KELABU
17,JALAN PRIMA 1,KELABU
18,JALAN PRIMA 1,KELABU
19,JALAN PRIMA 1,KELABU
20,JALAN PRIMA 1,KELABU
21,JALAN PRIMA 1,KELABU
22,JALAN PRIMA 1,KELABU
23,JALAN PRIMA 1,KELABU
24,JALAN PRIMA 1,KELABU
25,JALAN PRIMA 1,KELABU
26,JALAN PRIMA 1,KELABU
27,JALAN PRIMA 1,KELABU
28,JALAN PRIMA 1,KELABU
29,JALAN PRIMA 2,KELABU
30,JALAN PRIMA 2,KELABU
31,JALAN PRIMA 2,KELABU
32,JALAN PRIMA 2,KELABU
33,JALAN PRIMA 2,KELABU
34,JALAN PRIMA 2,KELABU
35,JALAN PRIMA 2,KELABU
36,JALAN PRIMA 2,KELABU
37,JALAN PRIMA 2,KELABU
38,JALAN PRIMA 2,KELABU
39,JALAN PRIMA 2,KELABU
40,JALAN PRIMA 2,KELABU
41,JALAN PRIMA 2,KELABU
42,JALAN PRIMA 2,KELABU
43,JALAN PRIMA 2,KELABU
44,JALAN PRIMA 2,KELABU
45,JALAN PRIMA 2,KELABU
46,JALAN PRIMA 2,KELABU
47,JALAN PRIMA 2,KELABU
48,JALAN PRIMA 2,KELABU
49,JALAN PRIMA 2,KELABU
50,JALAN PRIMA 2,KELABU
51,JALAN PRIMA 2,KELABU
52,JALAN PRIMA 2,KELABU
53,JALAN PRIMA 2,KELABU
54,JALAN PRIMA 2,KELABU
55,JALAN PRIMA 2,KELABU
56,JALAN PRIMA 2,KELABU
57,JALAN PRIMA 2,KELABU
58,JALAN PRIMA 2,KELABU
59,JALAN PRIMA 2,KELABU
60,JALAN PRIMA 2,KELABU
61,JALAN PRIMA 2,KELABU
62,JALAN PRIMA 2,KELABU
63,JALAN PRIMA 2,KELABU
64,JALAN PRIMA 2,KELABU
65,JALAN PRIMA 2,KELABU
66,JALAN PRIMA 2,KELABU
67,JALAN PRIMA 2,KELABU
68,JALAN PRIMA 2,KELABU
69,JALAN PRIMA 2,KELABU
70,JALAN PRIMA 2,KELABU
71,JALAN PRIMA 2,KELABU
72,JALAN PRIMA 2,KELABU
73,JALAN PRIMA 2,KELABU
74,JALAN PRIMA 2,KELABU
75,JALAN PRIMA 2,KELABU
76,JALAN PRIMA 2,KELABU
77,JALAN PRIMA 2,KELABU
78,JALAN PRIMA 2,KELABU
79,JALAN PRIMA 2,KELABU
80,JALAN PRIMA 2,KELABU
81,JALAN PRIMA 2,KELABU
82,JALAN PRIMA 2,KELABU
83,JALAN PRIMA 2,KELABU
84,JALAN PRIMA 2,KELABU
85,JALAN PRIMA 2,KELABU
86,JALAN PRIMA 2,KELABU
87,JALAN PRIMA 2,KELABU
88,JALAN PRIMA 2,KELABU
89,JALAN PRIMA 2,KELABU
90,JALAN PRIMA 2,KELABU
91,JALAN PRIMA 2,KELABU
92,JALAN PRIMA 2,KELABU
93,JALAN PRIMA 2,KELABU
94,JALAN PRIMA 2,KELABU
95,JALAN PRIMA 2,KELABU
96,JALAN PRIMA 3,KELABU
97,JALAN PRIMA 3,KELABU
98,JALAN PRIMA 3,KELABU
99,JALAN PRIMA 3,KELABU
100,JALAN PRIMA 3,KELABU
101,JALAN PRIMA 3,KELABU
102,JALAN PRIMA 3,KELABU
103,JALAN PRIMA 3,KELABU
104,JALAN PRIMA 3,KELABU
105,JALAN PRIMA 3,KELABU
106,JALAN PRIMA 3,KELABU
107,JALAN PRIMA 3,KELABU
108,JALAN PRIMA 3,KELABU
109,JALAN PRIMA 3,KELABU
110,JALAN PRIMA 3,KELABU
111,JALAN PRIMA 3,KELABU
112,JALAN PRIMA 3,KELABU
113,JALAN PRIMA 3,KELABU
114,JALAN PRIMA 3,KELABU
115,JALAN PRIMA 3,KELABU
116,JALAN PRIMA 3,KELABU
117,JALAN PRIMA 3,KELABU
118,JALAN PRIMA 3,KELABU
119,JALAN PRIMA 3,KELABU
120,JALAN PRIMA 3,KELABU
121,JALAN PRIMA 3,KELABU
122,JALAN PRIMA 3,KELABU
123,JALAN PRIMA 3,KELABU
124,JALAN PRIMA 3,KELABU
125,JALAN PRIMA 3,KELABU
126,JALAN PRIMA 3,KELABU
127,JALAN PRIMA 3,KELABU
128,JALAN PRIMA 3,KELABU
129,JALAN PRIMA 3,KELABU
130,JALAN PRIMA 3,KELABU
131,JALAN PRIMA 3,KELABU
132,JALAN PRIMA 3,KELABU
133,JALAN PRIMA 3,KELABU
134,JALAN PRIMA 3,KELABU
135,JALAN PRIMA 3,KELABU
136,JALAN PRIMA 3,KELABU
137,JALAN PRIMA 3,KELABU
138,JALAN PRIMA 3,KELABU
139,JALAN PRIMA 3,KELABU
140,JALAN PRIMA 3,KELABU
141,JALAN PRIMA 3,KELABU
142,JALAN PRIMA 3,KELABU
143,JALAN PRIMA 3,KELABU
144,JALAN PRIMA 3,KELABU
145,JALAN PRIMA 3,KELABU
146,JALAN PRIMA 3,KELABU
147,JALAN PRIMA 3,KELABU
148,JALAN PRIMA 3,KELABU
149,JALAN PRIMA 3,KELABU
150,JALAN PRIMA 4,KELABU
151,JALAN PRIMA 4,KELABU
152,JALAN PRIMA 4,KELABU
153,JALAN PRIMA 4,KELABU
154,JALAN PRIMA 4,KELABU
155,JALAN PRIMA 4,KELABU
156,JALAN PRIMA 4,KELABU
157,JALAN PRIMA 4,KELABU
158,JALAN PRIMA 4,KELABU
159,JALAN PRIMA 4,KELABU
160,JALAN PRIMA 4,KELABU
161,JALAN PRIMA 5,KELABU
162,JALAN PRIMA 5,KELABU
163,JALAN PRIMA 5,KELABU
164,JALAN PRIMA 5,KELABU
165,JALAN PRIMA 5,KELABU
166,JALAN PRIMA 5,KELABU
167,JALAN PRIMA 5,KELABU
168,JALAN PRIMA 5,KELABU
169,JALAN PRIMA 5,KELABU
170,JALAN PRIMA 5,KELABU
171,JALAN PRIMA 5,KELABU
172,JALAN PRIMA 5,KELABU
173,JALAN PRIMA 5,KELABU
174,JALAN PRIMA 5,KELABU
175,JALAN PRIMA 5,KELABU
176,JALAN PRIMA 5,KELABU
177,JALAN PRIMA 5,KELABU
178,JALAN PRIMA 6,KELABU
179,JALAN PRIMA 6,KELABU
180,JALAN PRIMA 6,KELABU
181,JALAN PRIMA 6,KELABU
182,JALAN PRIMA 6,KELABU
183,JALAN PRIMA 6,KELABU
184,JALAN PRIMA 6,KELABU
185,JALAN PRIMA 6,KELABU
186,JALAN PRIMA 6,KELABU
187,JALAN PRIMA 6,KELABU
188,JALAN PRIMA 6,KELABU
189,JALAN PRIMA 6,KELABU
190,JALAN PRIMA 6,KELABU
191,JALAN PRIMA 6,KELABU
192,JALAN PRIMA 6,KELABU
193,JALAN PRIMA 6,KELABU
194,JALAN PRIMA 6,KELABU
195,JALAN PRIMA 6,KELABU
196,JALAN PRIMA 6,KELABU
197,JALAN PRIMA 6,KELABU
198,JALAN PRIMA 6,KELABU
199,JALAN PRIMA 6,KELABU
200,JALAN PRIMA 6,KELABU
201,JALAN PRIMA 6,KELABU
202,JALAN PRIMA 6,KELABU
203,JALAN PRIMA 6,KELABU
204,JALAN PRIMA 6,KELABU
205,JALAN PRIMA 6,KELABU
206,JALAN PRIMA 6,KELABU
207,JALAN PRIMA 6,KELABU
208,JALAN PRIMA 6,KELABU
209,JALAN PRIMA 6,KELABU
210,JALAN PRIMA 6,KELABU
211,JALAN PRIMA 6,KELABU
212,JALAN PRIMA 6,KELABU
213,JALAN PRIMA 6,KELABU
214,JALAN PRIMA 6,KELABU
215,JALAN PRIMA 6,KELABU
216,JALAN PRIMA 6,KELABU
217,JALAN PRIMA 6,KELABU
218,JALAN PRIMA 6,KELABU
219,JALAN PRIMA 6,KELABU
220,JALAN PRIMA 6,KELABU
221,JALAN PRIMA 6,KELABU
222,JALAN PRIMA 6,KELABU
223,JALAN PRIMA 7,KELABU
224,JALAN PRIMA 7,KELABU
225,JALAN PRIMA 7,KELABU
226,JALAN PRIMA 7,KELABU
227,JALAN PRIMA 7,KELABU
228,JALAN PRIMA 7,KELABU
229,JALAN PRIMA 7,KELABU
230,JALAN PRIMA 7,KELABU
231,JALAN PRIMA 7,KELABU
232,JALAN PRIMA 7,KELABU
233,JALAN PRIMA 7,KELABU
234,JALAN PRIMA 7,KELABU
235,JALAN PRIMA 7,KELABU
236,JALAN PRIMA 7,KELABU
237,JALAN PRIMA 7,KELABU
238,JALAN PRIMA 7,KELABU
239,JALAN PRIMA 7,KELABU
240,JALAN PRIMA 7,KELABU
241,JALAN PRIMA 7,KELABU
242,JALAN PRIMA 7,KELABU
243,JALAN PRIMA 7,KELABU
244,JALAN PRIMA 7,KELABU
245,JALAN PRIMA 7,KELABU
246,JALAN PRIMA 7,KELABU
247,JALAN PRIMA 7,KELABU
248,JALAN PRIMA 7,KELABU
249,JALAN PRIMA 7,KELABU
250,JALAN PRIMA 7,KELABU
251,JALAN PRIMA 7,KELABU
252,JALAN PRIMA 7,KELABU
253,JALAN PRIMA 7,KELABU
254,JALAN PRIMA 7,KELABU
255,JALAN PRIMA 7,KELABU
256,JALAN PRIMA 7,KELABU
257,JALAN PRIMA 8,KELABU
258,JALAN PRIMA 8,KELABU
259,JALAN PRIMA 8,KELABU
260,JALAN PRIMA 8,KELABU
261,JALAN PRIMA 8,KELABU
262,JALAN PRIMA 8,KELABU
263,JALAN PRIMA 8,KELABU
264,JALAN PRIMA 8,KELABU
265,JALAN PRIMA 8,KELABU
266,JALAN PRIMA 8,KELABU
267,JALAN PRIMA 8,KELABU
268,JALAN PRIMA 8,KELABU
269,JALAN PRIMA 8,KELABU
270,JALAN PRIMA 8,KELABU
271,JALAN PRIMA 8,KELABU
272,JALAN PRIMA 8,KELABU
273,JALAN PRIMA 8,KELABU
274,JALAN PRIMA 8,KELABU
275,JALAN PRIMA 8,KELABU
276,JALAN PRIMA 8,KELABU
277,JALAN PRIMA 8,KELABU
278,JALAN PRIMA 8,KELABU
279,JALAN PRIMA 8,KELABU
280,JALAN PRIMA 8,KELABU
281,JALAN PRIMA 8,KELABU
282,JALAN PRIMA 8,KELABU
283,JALAN PRIMA 8,KELABU
284,JALAN PRIMA 8,KELABU
285,JALAN PRIMA 8,KELABU
286,JALAN PRIMA 8,KELABU
287,JALAN PRIMA 8,KELABU
288,JALAN PRIMA 8,KELABU
289,JALAN PRIMA 8,KELABU
290,JALAN PRIMA 8,KELABU
291,JALAN PRIMA 8,KELABU
292,JALAN PRIMA 8,KELABU
293,JALAN PRIMA 8,KELABU
294,JALAN PRIMA 8,KELABU
295,JALAN PRIMA 8,KELABU
296,JALAN PRIMA 8,KELABU
297,JALAN PRIMA 8,KELABU
298,JALAN PRIMA 8,KELABU
299,JALAN PRIMA 8,KELABU
300,JALAN PRIMA 8,KELABU
301,JALAN PRIMA 8,KELABU
302,JALAN PRIMA 9,KELABU
303,JALAN PRIMA 9,KELABU
304,JALAN PRIMA 9,KELABU
305,JALAN PRIMA 9,KELABU
306,JALAN PRIMA 9,KELABU
307,JALAN PRIMA 9,KELABU
308,JALAN PRIMA 9,KELABU
309,JALAN PRIMA 9,KELABU
310,JALAN PRIMA 9,KELABU
311,JALAN PRIMA 9,KELABU
312,JALAN PRIMA 9,KELABU
313,JALAN PRIMA 9,KELABU
314,JALAN PRIMA 9,KELABU
315,JALAN PRIMA 9,KELABU
316,JALAN PRIMA 9,KELABU
317,JALAN PRIMA 9,KELABU
318,JALAN PRIMA 9,KELABU
319,JALAN PRIMA 9,KELABU
320,JALAN PRIMA 9,KELABU
321,JALAN PRIMA 9,KELABU
322,JALAN PRIMA 9,KELABU
323,JALAN PRIMA 9,KELABU
324,JALAN PRIMA 9,KELABU
325,JALAN PRIMA 9,KELABU
326,JALAN PRIMA 9,KELABU
327,JALAN PRIMA 9,KELABU
328,JALAN PRIMA 9,KELABU
329,JALAN PRIMA 9,KELABU
330,JALAN PRIMA 10,KELABU
331,JALAN PRIMA 10,KELABU
332,JALAN PRIMA 10,KELABU
333,JALAN PRIMA 10,KELABU
334,JALAN PRIMA 10,KELABU
335,JALAN PRIMA 10,KELABU
336,JALAN PRIMA 10,KELABU
337,JALAN PRIMA 10,KELABU
338,JALAN PRIMA 10,KELABU
339,JALAN PRIMA 10,KELABU
340,JALAN PRIMA 10,KELABU
341,JALAN PRIMA 10,KELABU
342,JALAN PRIMA 10,KELABU
343,JALAN PRIMA 10,KELABU
344,JALAN PRIMA 10,KELABU
345,JALAN PRIMA 10,KELABU
346,JALAN PRIMA 10,KELABU
347,JALAN PRIMA 10,KELABU
348,JALAN PRIMA 10,KELABU
349,JALAN PRIMA 10,KELABU
350,JALAN PRIMA 10,KELABU
351,JALAN PRIMA 10,KELABU
352,JALAN PRIMA 10,KELABU
353,JALAN PRIMA 10,KELABU
354,JALAN PRIMA 10,KELABU
355,JALAN PRIMA 10,KELABU
356,JALAN PRIMA 10,KELABU
357,JALAN PRIMA 10,KELABU
358,JALAN PRIMA 11,KELABU
359,JALAN PRIMA 11,KELABU
360,JALAN PRIMA 11,KELABU
361,JALAN PRIMA 11,KELABU
362,JALAN PRIMA 11,KELABU
363,JALAN PRIMA 11,KELABU
364,JALAN PRIMA 11,KELABU
365,JALAN PRIMA 11,KELABU
366,JALAN PRIMA 11,KELABU
367,JALAN PRIMA 11,KELABU
368,JALAN PRIMA 11,KELABU
369,JALAN PRIMA 11,KELABU
370,JALAN PRIMA 11,KELABU
371,JALAN PRIMA 11,KELABU
372,JALAN PRIMA 11,KELABU
373,JALAN PRIMA 11,KELABU
374,JALAN PRIMA 11,KELABU
375,JALAN PRIMA 11,KELABU
376,JALAN PRIMA 11,KELABU
377,JALAN PRIMA 11,KELABU
378,JALAN PRIMA 11,KELABU
379,JALAN PRIMA 11,KELABU
380,JALAN PRIMA 11,KELABU
381,JALAN PRIMA 11,KELABU
382,JALAN PRIMA 11,KELABU
383,JALAN PRIMA 11,KELABU
384,JALAN PRIMA 11,KELABU
385,JALAN PRIMA 11,KELABU
386,JALAN PRIMA 11,KELABU
387,JALAN PRIMA 11,KELABU
388,JALAN PRIMA 11,KELABU
389,JALAN PRIMA 11,KELABU
390,JALAN PRIMA 11,KELABU
391,JALAN PRIMA 11,KELABU
392,JALAN PRIMA 11,KELABU
393,JALAN PRIMA 11,KELABU
394,JALAN PRIMA 11,KELABU
395,JALAN PRIMA 11,KELABU
396,JALAN PRIMA 11,KELABU
397,JALAN PRIMA 11,KELABU
398,JALAN PRIMA 11,KELABU
399,JALAN PRIMA 11,KELABU
400,JALAN PRIMA 11,KELABU
401,JALAN PRIMA 11,KELABU
402,JALAN PRIMA 11,KELABU
403,JALAN PRIMA 11,KELABU
404,JALAN PRIMA 11,KELABU
405,JALAN PRIMA 11,KELABU
406,JALAN PRIMA 11,KELABU
407,JALAN PRIMA 11,KELABU
408,JALAN PRIMA 11,KELABU
409,JALAN PRIMA 11,KELABU
410,JALAN PRIMA 11,KELABU
411,JALAN PRIMA 11,KELABU
412,JALAN PRIMA 11,KELABU
413,JALAN PRIMA 11,KELABU
414,JALAN PRIMA 11,KELABU
415,JALAN PRIMA 11,KELABU
416,JALAN PRIMA 11,KELABU
417,JALAN PRIMA 11,KELABU
418,JALAN PRIMA 11,KELABU
419,JALAN PRIMA 11,KELABU
420,JALAN PRIMA 11,KELABU
421,JALAN PRIMA 11,KELABU
422,JALAN PRIMA 11,KELABU
423,JALAN PRIMA 11,KELABU
424,JALAN PRIMA 11,KELABU
425,JALAN PRIMA 11,KELABU
426,JALAN PRIMA 11,KELABU
427,JALAN PRIMA 11,KELABU
428,JALAN PRIMA 11,KELABU
429,JALAN PRIMA 11,KELABU
430,JALAN PRIMA 11,KELABU
431,JALAN PRIMA 11,KELABU
432,JALAN PRIMA 11,KELABU
433,JALAN PRIMA 12,KELABU
434,JALAN PRIMA 12,KELABU
435,JALAN PRIMA 12,KELABU
436,JALAN PRIMA 12,KELABU
437,JALAN PRIMA 12,KELABU
438,JALAN PRIMA 12,KELABU
439,JALAN PRIMA 12,KELABU
440,JALAN PRIMA 12,KELABU
441,JALAN PRIMA 12,KELABU
442,JALAN PRIMA 12,KELABU
443,JALAN PRIMA 12,KELABU
444,JALAN PRIMA 12,KELABU
445,JALAN PRIMA 12,KELABU
446,JALAN PRIMA 12,KELABU
447,JALAN PRIMA 12,KELABU
448,JALAN PRIMA 12,KELABU
449,JALAN PRIMA 12,KELABU
450,JALAN PRIMA 12,KELABU
451,JALAN PRIMA 12,KELABU
452,JALAN PRIMA 12,KELABU
453,JALAN PRIMA 12,KELABU
454,JALAN PRIMA 12,KELABU
455,JALAN PRIMA 12,KELABU
456,JALAN PRIMA 12,KELABU
457,JALAN PRIMA 12,KELABU
458,JALAN PRIMA 12,KELABU
459,JALAN PRIMA 12,KELABU
460,JALAN PRIMA 12,KELABU
461,JALAN PRIMA 12,KELABU
462,JALAN PRIMA 12,KELABU
463,JALAN PRIMA 12,KELABU
464,JALAN PRIMA 12,KELABU
465,JALAN PRIMA 12,KELABU
466,JALAN PRIMA 12,KELABU
467,JALAN PRIMA 12,KELABU
468,JALAN PRIMA 12,KELABU
469,JALAN PRIMA 12,KELABU
470,JALAN PRIMA 12,KELABU
471,JALAN PRIMA 12,KELABU
472,JALAN PRIMA 12,KELABU
473,JALAN PRIMA 12,KELABU
474,JALAN PRIMA 12,KELABU
475,JALAN PRIMA 12,KELABU
476,JALAN PRIMA 12,KELABU
477,JALAN PRIMA 12,KELABU
478,JALAN PRIMA 12,KELABU
479,JALAN PRIMA 12,KELABU
480,JALAN PRIMA 12,KELABU
481,JALAN PRIMA 12,KELABU
482,JALAN PRIMA 13,MERAH
483,JALAN PRIMA 13,MERAH
484,JALAN PRIMA 13,MERAH
485,JALAN PRIMA 13,MERAH
486,JALAN PRIMA 13,MERAH
487,JALAN PRIMA 13,MERAH
488,JALAN PRIMA 13,MERAH
489,JALAN PRIMA 13,MERAH
490,JALAN PRIMA 13,MERAH
491,JALAN PRIMA 13,MERAH
492,JALAN PRIMA 13,MERAH
493,JALAN PRIMA 13,MERAH
494,JALAN PRIMA 13,MERAH
495,JALAN PRIMA 13,MERAH
496,JALAN PRIMA 13,MERAH
497,JALAN PRIMA 13,MERAH
498,JALAN PRIMA 13,MERAH
499,JALAN PRIMA 13,MERAH
500,JALAN PRIMA 13,MERAH
501,JALAN PRIMA 13,MERAH
502,JALAN PRIMA 13,MERAH
503,JALAN PRIMA 13,MERAH
504,JALAN PRIMA 13,MERAH
505,JALAN PRIMA 13,MERAH
506,JALAN PRIMA 13,MERAH
507,JALAN PRIMA 13,MERAH
508,JALAN PRIMA 13,MERAH
509,JALAN PRIMA 13,MERAH
510,JALAN PRIMA 13,MERAH
511,JALAN PRIMA 13,MERAH
512,JALAN PRIMA 13,MERAH
513,JALAN PRIMA 13,MERAH
514,JALAN PRIMA 13,MERAH
515,JALAN PRIMA 13,MERAH
516,JALAN PRIMA 13,MERAH
517,JALAN PRIMA 13,MERAH
518,JALAN PRIMA 14,MERAH
519,JALAN PRIMA 14,MERAH
520,JALAN PRIMA 14,MERAH
521,JALAN PRIMA 14,MERAH
522,JALAN PRIMA 14,MERAH
523,JALAN PRIMA 14,MERAH
524,JALAN PRIMA 14,MERAH
525,JALAN PRIMA 14,MERAH
526,JALAN PRIMA 14,MERAH
527,JALAN PRIMA 14,MERAH
528,JALAN PRIMA 14,MERAH
529,JALAN PRIMA 14,MERAH
530,JALAN PRIMA 14,MERAH
531,JALAN PRIMA 14,MERAH
532,JALAN PRIMA 14,MERAH
533,JALAN PRIMA 14,MERAH
534,JALAN PRIMA 14,MERAH
535,JALAN PRIMA 14,MERAH
536,JALAN PRIMA 14,MERAH
537,JALAN PRIMA 14,MERAH
538,JALAN PRIMA 14,MERAH
539,JALAN PRIMA 14,MERAH
540,JALAN PRIMA 14,MERAH
541,JALAN PRIMA 14,MERAH
542,JALAN PRIMA 14,MERAH
543,JALAN PRIMA 14,MERAH
544,JALAN PRIMA 14,MERAH
545,JALAN PRIMA 14,MERAH
546,JALAN PRIMA 14,MERAH
547,JALAN PRIMA 14,MERAH
548,JALAN PRIMA 14,MERAH
549,JALAN PRIMA 14,MERAH
550,JALAN PRIMA 14,MERAH
551,JALAN PRIMA 14,MERAH
552,JALAN PRIMA 14,MERAH
553,JALAN PRIMA 14,MERAH
554,JALAN PRIMA 14,MERAH
555,JALAN PRIMA 14,MERAH
556,JALAN PRIMA 14,MERAH
557,JALAN PRIMA 14,MERAH
558,JALAN PRIMA 14,MERAH
559,JALAN PRIMA 14,MERAH
560,JALAN PRIMA 14,MERAH
561,JALAN PRIMA 14,MERAH
562,JALAN PRIMA 14,MERAH
563,JALAN PRIMA 14,MERAH
564,JALAN PRIMA 14,MERAH
565,JALAN PRIMA 14,MERAH
566,JALAN PRIMA 14,MERAH
567,JALAN PRIMA 14,MERAH
568,JALAN PRIMA 14,MERAH
569,JALAN PRIMA 14,MERAH
570,JALAN PRIMA 14,MERAH
571,JALAN PRIMA 14,MERAH
572,JALAN PRIMA 14,MERAH
573,JALAN PRIMA 14,MERAH
574,JALAN PRIMA 14,MERAH
575,JALAN PRIMA 14,MERAH
576,JALAN PRIMA 14,MERAH
577,JALAN PRIMA 14,MERAH
578,JALAN PRIMA 14,MERAH
579,JALAN PRIMA 14,MERAH
580,JALAN PRIMA 14,MERAH
581,JALAN PRIMA 14,MERAH
582,JALAN PRIMA 14,MERAH
583,JALAN PRIMA 14,MERAH
584,JALAN PRIMA 14,MERAH
585,JALAN PRIMA 14,MERAH
586,JALAN PRIMA 14,MERAH
587,JALAN PRIMA 14,MERAH
588,JALAN PRIMA 14,MERAH
589,JALAN PRIMA 14,MERAH
590,JALAN PRIMA 14,MERAH
591,JALAN PRIMA 14,MERAH
592,JALAN PRIMA 14,MERAH
593,JALAN PRIMA 14,MERAH
594,JALAN PRIMA 14,MERAH
595,JALAN PRIMA 14,MERAH
596,JALAN PRIMA 14,MERAH
597,JALAN PRIMA 14,MERAH
598,JALAN PRIMA 14,MERAH
599,JALAN PRIMA 14,MERAH
600,JALAN PRIMA 14,MERAH
601,JALAN PRIMA 14,MERAH
602,JALAN PRIMA 14,MERAH
603,JALAN PRIMA 14,MERAH
604,JALAN PRIMA 14,MERAH
605,JALAN PRIMA 14,MERAH
606,JALAN PRIMA 14,MERAH
607,JALAN PRIMA 14,MERAH
608,JALAN PRIMA 14,MERAH
609,JALAN PRIMA 14,MERAH
610,JALAN PRIMA 14,MERAH
611,JALAN PRIMA 14,MERAH
612,JALAN PRIMA 14,MERAH
613,JALAN PRIMA 14,MERAH
614,JALAN PRIMA 14,MERAH
615,JALAN PRIMA 15,MERAH
616,JALAN PRIMA 15,MERAH
617,JALAN PRIMA 15,MERAH
618,JALAN PRIMA 15,MERAH
619,JALAN PRIMA 15,MERAH
620,JALAN PRIMA 15,MERAH
621,JALAN PRIMA 15,MERAH
622,JALAN PRIMA 15,MERAH
623,JALAN PRIMA 15,MERAH
624,JALAN PRIMA 15,MERAH
625,JALAN PRIMA 15,MERAH
626,JALAN PRIMA 15,MERAH
627,JALAN PRIMA 15,MERAH
628,JALAN PRIMA 15,MERAH
629,JALAN PRIMA 15,MERAH
630,JALAN PRIMA 15,MERAH
631,JALAN PRIMA 15,MERAH
632,JALAN PRIMA 15,MERAH
633,JALAN PRIMA 15,MERAH
634,JALAN PRIMA 15,MERAH
635,JALAN PRIMA 15,MERAH
636,JALAN PRIMA 15,MERAH
637,JALAN PRIMA 15,MERAH
638,JALAN PRIMA 15,MERAH
639,JALAN PRIMA 15,MERAH
640,JALAN PRIMA 15,MERAH
641,JALAN PRIMA 15,MERAH
642,JALAN PRIMA 15,MERAH
643,JALAN PRIMA 15,MERAH
644,JALAN PRIMA 15,MERAH
645,JALAN PRIMA 15,MERAH
646,JALAN PRIMA 15,MERAH
647,JALAN PRIMA 15,MERAH
648,JALAN PRIMA 15,MERAH
649,JALAN PRIMA 15,MERAH
650,JALAN PRIMA 15,MERAH
651,JALAN PRIMA 15,MERAH
652,JALAN PRIMA 15,MERAH
653,JALAN PRIMA 15,MERAH
654,JALAN PRIMA 15,MERAH
655,JALAN PRIMA 15,MERAH
656,JALAN PRIMA 15,MERAH
657,JALAN PRIMA 15,MERAH
658,JALAN PRIMA 15,MERAH
659,JALAN PRIMA 15,MERAH
660,JALAN PRIMA 15,MERAH
661,JALAN PRIMA 15,MERAH
662,JALAN PRIMA 15,MERAH
663,JALAN PRIMA 15,MERAH
664,JALAN PRIMA 15,MERAH
665,JALAN PRIMA 15,MERAH
666,JALAN PRIMA 15,MERAH
667,JALAN PRIMA 15,MERAH
668,JALAN PRIMA 15,MERAH
669,JALAN PRIMA 15,MERAH
670,JALAN PRIMA 15,MERAH
671,JALAN PRIMA 15,MERAH
672,JALAN PRIMA 15,MERAH
673,JALAN PRIMA 15,MERAH
674,JALAN PRIMA 15,MERAH
675,JALAN PRIMA 15,MERAH
676,JALAN PRIMA 15,MERAH
677,JALAN PRIMA 15,MERAH
678,JALAN PRIMA 15,MERAH
679,JALAN PRIMA 15,MERAH
680,JALAN PRIMA 15,MERAH
681,JALAN PRIMA 15,MERAH
682,JALAN PRIMA 15,MERAH
683,JALAN PRIMA 15,MERAH
684,JALAN PRIMA 15,MERAH
685,JALAN PRIMA 15,MERAH
686,JALAN PRIMA 15,MERAH
687,JALAN PRIMA 15,MERAH
688,JALAN PRIMA 15,MERAH
689,JALAN PRIMA 15,MERAH
690,JALAN PRIMA 15,MERAH
691,JALAN PRIMA 15,MERAH
692,JALAN PRIMA 15,MERAH
693,JALAN PRIMA 15,MERAH
694,JALAN PRIMA 15,MERAH
695,JALAN PRIMA 15,MERAH
696,JALAN PRIMA 15,MERAH
697,JALAN PRIMA 15,MERAH
698,JALAN PRIMA 15,MERAH
699,JALAN PRIMA 15,MERAH
700,JALAN PRIMA 15,MERAH
701,JALAN PRIMA 15,MERAH
702,JALAN PRIMA 15,MERAH
703,JALAN PRIMA 15,MERAH
704,JALAN PRIMA 15,MERAH
705,JALAN PRIMA 15,MERAH
706,JALAN PRIMA 15,MERAH
707,JALAN PRIMA 15,MERAH
708,JALAN PRIMA 15,MERAH
709,JALAN PRIMA 15,MERAH
710,JALAN PRIMA 15,MERAH
711,JALAN PRIMA 15,MERAH
712,JALAN PRIMA 15,MERAH
713,JALAN PRIMA 15,MERAH
714,JALAN PRIMA 15,MERAH
715,JALAN PRIMA 15,MERAH
716,JALAN PRIMA 15,MERAH
717,JALAN PRIMA 15,MERAH
718,JALAN PRIMA 15,MERAH
719,JALAN PRIMA 15,MERAH
720,JALAN PRIMA 15,MERAH
721,JALAN PRIMA 15,MERAH
722,JALAN PRIMA 15,MERAH
723,JALAN PRIMA 15,MERAH
724,JALAN PRIMA 15,MERAH
725,JALAN PRIMA 15,MERAH
726,JALAN PRIMA 15,MERAH
727,JALAN PRIMA 15,MERAH
728,JALAN PRIMA 15,MERAH
729,JALAN PRIMA 16,MERAH
730,JALAN PRIMA 16,MERAH
731,JALAN PRIMA 16,MERAH
732,JALAN PRIMA 16,MERAH
733,JALAN PRIMA 16,MERAH
734,JALAN PRIMA 16,MERAH
735,JALAN PRIMA 16,MERAH
736,JALAN PRIMA 16,MERAH
737,JALAN PRIMA 16,MERAH
738,JALAN PRIMA 16,MERAH
739,JALAN PRIMA 16,MERAH
740,JALAN PRIMA 16,MERAH
741,JALAN PRIMA 16,MERAH
742,JALAN PRIMA 16,MERAH
743,JALAN PRIMA 16,MERAH
744,JALAN PRIMA 16,MERAH
745,JALAN PRIMA 16,MERAH
746,JALAN PRIMA 16,MERAH
747,JALAN PRIMA 16,MERAH
748,JALAN PRIMA 16,MERAH
749,JALAN PRIMA 16,MERAH
750,JALAN PRIMA 16,MERAH
751,JALAN PRIMA 16,MERAH
752,JALAN PRIMA 16,MERAH
753,JALAN PRIMA 16,MERAH
754,JALAN PRIMA 16,MERAH
755,JALAN PRIMA 16,MERAH
756,JALAN PRIMA 16,MERAH
757,JALAN PRIMA 16,MERAH
758,JALAN PRIMA 16,MERAH
759,JALAN PRIMA 16,MERAH
760,JALAN PRIMA 16,MERAH
761,JALAN PRIMA 16,MERAH
762,JALAN PRIMA 16,MERAH
763,JALAN PRIMA 16,MERAH
764,JALAN PRIMA 16,MERAH
765,JALAN PRIMA 16,MERAH
766,JALAN PRIMA 16,MERAH
767,JALAN PRIMA 16,MERAH
768,JALAN PRIMA 16,MERAH
769,JALAN PRIMA 16,MERAH
770,JALAN PRIMA 16,MERAH
771,JALAN PRIMA 16,MERAH
772,JALAN PRIMA 16,MERAH
773,JALAN PRIMA 16,MERAH
774,JALAN PRIMA 16,MERAH
775,JALAN PRIMA 16,MERAH
776,JALAN PRIMA 16,MERAH
777,JALAN PRIMA 16,MERAH
778,JALAN PRIMA 16,MERAH
779,JALAN PRIMA 16,MERAH
780,JALAN PRIMA 16,MERAH
781,JALAN PRIMA 16,MERAH
782,JALAN PRIMA 16,MERAH
783,JALAN PRIMA 16,MERAH
784,JALAN PRIMA 16,MERAH
785,JALAN PRIMA 16,MERAH
786,JALAN PRIMA 16,MERAH
787,JALAN PRIMA 16,MERAH
788,JALAN PRIMA 16,MERAH
789,JALAN PRIMA 16,MERAH
790,JALAN PRIMA 16,MERAH
791,JALAN PRIMA 16,MERAH
792,JALAN PRIMA 16,MERAH
793,JALAN PRIMA 16,MERAH
794,JALAN PRIMA 16,MERAH
795,JALAN PRIMA 16,MERAH
796,JALAN PRIMA 16,MERAH
797,JALAN PRIMA 16,MERAH
798,JALAN PRIMA 16,MERAH
799,JALAN PRIMA 16,MERAH
800,JALAN PRIMA 16,MERAH
801,JALAN PRIMA 16,MERAH
802,JALAN PRIMA 16,MERAH
803,JALAN PRIMA 16,MERAH
804,JALAN PRIMA 16,MERAH
805,JALAN PRIMA 16,MERAH
806,JALAN PRIMA 16,MERAH
807,JALAN PRIMA 16,MERAH
808,JALAN PRIMA 16,MERAH
809,JALAN PRIMA 16,MERAH
810,JALAN PRIMA 16,MERAH
811,JALAN PRIMA 16,MERAH
812,JALAN PRIMA 16,MERAH
813,JALAN PRIMA 16,MERAH
814,JALAN PRIMA 16,MERAH
815,JALAN PRIMA 16,MERAH
816,JALAN PRIMA 16,MERAH
817,JALAN PRIMA 16,MERAH
818,JALAN PRIMA 16,MERAH
819,JALAN PRIMA 16,MERAH
820,JALAN PRIMA 16,MERAH
821,JALAN PRIMA 16,MERAH
822,JALAN PRIMA 16,MERAH
823,JALAN PRIMA 16,MERAH
824,JALAN PRIMA 16,MERAH
825,JALAN PRIMA 16,MERAH
826,JALAN PRIMA 16,MERAH
827,JALAN PRIMA 16,MERAH
828,JALAN PRIMA 16,MERAH
829,JALAN PRIMA 16,MERAH
830,JALAN PRIMA 16,MERAH
831,JALAN PRIMA 16,MERAH
832,JALAN PRIMA 16,MERAH
833,JALAN PRIMA 16,MERAH
834,JALAN PRIMA 16,MERAH
835,JALAN PRIMA 17,MERAH
836,JALAN PRIMA 17,MERAH
837,JALAN PRIMA 17,MERAH
838,JALAN PRIMA 17,MERAH
839,JALAN PRIMA 17,MERAH
840,JALAN PRIMA 17,MERAH
841,JALAN PRIMA 17,MERAH
842,JALAN PRIMA 17,MERAH
843,JALAN PRIMA 17,MERAH
844,JALAN PRIMA 17,MERAH
845,JALAN PRIMA 17,MERAH
846,JALAN PRIMA 17,MERAH
847,JALAN PRIMA 17,MERAH
848,JALAN PRIMA 17,MERAH
849,JALAN PRIMA 17,MERAH
850,JALAN PRIMA 17,MERAH
851,JALAN PRIMA 17,MERAH
852,JALAN PRIMA 17,MERAH
853,JALAN PRIMA 17,MERAH
854,JALAN PRIMA 17,MERAH
855,JALAN PRIMA 17,MERAH
856,JALAN PRIMA 17,MERAH
857,JALAN PRIMA 17,MERAH
858,JALAN PRIMA 17,MERAH
859,JALAN PRIMA 17,MERAH
860,JALAN PRIMA 17,MERAH
861,JALAN PRIMA 17,MERAH
862,JALAN PRIMA 17,MERAH
863,JALAN PRIMA 17,MERAH
864,JALAN PRIMA 17,MERAH
865,JALAN PRIMA 17,MERAH
866,JALAN PRIMA 17,MERAH
867,JALAN PRIMA 17,MERAH
868,JALAN PRIMA 17,MERAH
869,JALAN PRIMA 17,MERAH
870,JALAN PRIMA 17,MERAH
871,JALAN PRIMA 17,MERAH
872,JALAN PRIMA 17,MERAH
873,JALAN PRIMA 17,MERAH
874,JALAN PRIMA 17,MERAH
875,JALAN PRIMA 17,MERAH
876,JALAN PRIMA 17,MERAH
877,JALAN PRIMA 17,MERAH
878,JALAN PRIMA 17,MERAH
879,JALAN PRIMA 17,MERAH
880,JALAN PRIMA 17,MERAH
881,JALAN PRIMA 17,MERAH
882,JALAN PRIMA 17,MERAH
883,JALAN PRIMA 17,MERAH
884,JALAN PRIMA 17,MERAH
885,JALAN PRIMA 17,MERAH
886,JALAN PRIMA 17,MERAH
887,JALAN PRIMA 18,MERAH
888,JALAN PRIMA 18,MERAH
889,JALAN PRIMA 18,MERAH
890,JALAN PRIMA 18,MERAH
891,JALAN PRIMA 18,MERAH
892,JALAN PRIMA 18,MERAH
893,JALAN PRIMA 18,MERAH
894,JALAN PRIMA 18,MERAH
895,JALAN PRIMA 18,MERAH
896,JALAN PRIMA 18,MERAH
897,JALAN PRIMA 18,MERAH
898,JALAN PRIMA 18,MERAH
899,JALAN PRIMA 18,MERAH
900,JALAN PRIMA 18,MERAH
901,JALAN PRIMA 18,MERAH
902,JALAN PRIMA 18,MERAH
903,JALAN PRIMA 18,MERAH
904,JALAN PRIMA 18,MERAH
905,JALAN PRIMA 18,MERAH
906,JALAN PRIMA 18,MERAH
907,JALAN PRIMA 18,MERAH
908,JALAN PRIMA 18,MERAH
909,JALAN PRIMA 18,MERAH
910,JALAN PRIMA 18,MERAH
911,JALAN PRIMA 18,MERAH
912,JALAN PRIMA 18,MERAH
913,JALAN PRIMA 18,MERAH
914,JALAN PRIMA 18,MERAH
915,JALAN PRIMA 18,MERAH
916,JALAN PRIMA 18,MERAH
917,JALAN PRIMA 18,MERAH
918,JALAN PRIMA 18,MERAH
919,JALAN PRIMA 18,MERAH
920,JALAN PRIMA 18,MERAH
921,JALAN PRIMA 18,MERAH
922,JALAN PRIMA 18,MERAH
923,JALAN PRIMA 18,MERAH
924,JALAN PRIMA 18,MERAH
925,JALAN PRIMA 18,MERAH
926,JALAN PRIMA 18,MERAH
927,JALAN PRIMA 18,MERAH
928,JALAN PRIMA 18,MERAH
929,JALAN PRIMA 18,MERAH
930,JALAN PRIMA 18,MERAH
931,JALAN PRIMA 19,MERAH
932,JALAN PRIMA 19,MERAH
933,JALAN PRIMA 19,MERAH
934,JALAN PRIMA 19,MERAH
935,JALAN PRIMA 19,MERAH
936,JALAN PRIMA 19,MERAH
937,JALAN PRIMA 19,MERAH
938,JALAN PRIMA 19,MERAH
939,JALAN PRIMA 19,MERAH
940,JALAN PRIMA 19,MERAH
941,JALAN PRIMA 19,MERAH
942,JALAN PRIMA 19,MERAH
943,JALAN PRIMA 19,MERAH
944,JALAN PRIMA 19,MERAH
945,JALAN PRIMA 19,MERAH
946,JALAN PRIMA 19,MERAH
947,JALAN PRIMA 19,MERAH
948,JALAN PRIMA 19,MERAH
949,JALAN PRIMA 19,MERAH
950,JALAN PRIMA 19,MERAH
951,JALAN PRIMA 19,MERAH
952,JALAN PRIMA 19,MERAH
953,JALAN PRIMA 19,MERAH
954,JALAN PRIMA 19,MERAH
955,JALAN PRIMA 19,MERAH
956,JALAN PRIMA 19,MERAH
957,JALAN PRIMA 19,MERAH
958,JALAN PRIMA 19,MERAH
959,JALAN PRIMA 19,MERAH
960,JALAN PRIMA 19,MERAH
961,JALAN PRIMA 19,MERAH
962,JALAN PRIMA 19,MERAH
963,JALAN PRIMA 19,MERAH
964,JALAN PRIMA 19,MERAH
965,JALAN PRIMA 19,MERAH
966,JALAN PRIMA 19,MERAH
967,JALAN PRIMA 19,MERAH
968,JALAN PRIMA 19,MERAH
969,JALAN PRIMA 19,MERAH
970,JALAN PRIMA 19,MERAH
971,JALAN PRIMA 19,MERAH
972,JALAN PRIMA 19,MERAH
973,JALAN PRIMA 19,MERAH
974,JALAN PRIMA 19,MERAH
975,JALAN PRIMA 19,MERAH
976,JALAN PRIMA 19,MERAH
977,JALAN PRIMA 19,MERAH
978,JALAN PRIMA 19,MERAH
979,JALAN PRIMA 19,MERAH
980,JALAN PRIMA 19,MERAH
981,JALAN PRIMA 19,MERAH
982,JALAN PRIMA 19,MERAH
983,JALAN PRIMA 19,MERAH
984,JALAN PRIMA 19,MERAH
985,JALAN PRIMA 19,MERAH
986,JALAN PRIMA 19,MERAH
987,JALAN PRIMA 19,MERAH
988,JALAN PRIMA 19,MERAH
989,JALAN PRIMA 19,MERAH
990,JALAN PRIMA 19,MERAH
991,JALAN PRIMA 19,MERAH
992,JALAN PRIMA 19,MERAH
993,JALAN PRIMA 19,MERAH
994,JALAN PRIMA 19,MERAH
995,JALAN PRIMA 19,MERAH
996,JALAN PRIMA 19,MERAH
997,JALAN PRIMA 19,MERAH
998,JALAN PRIMA 19,MERAH
999,JALAN PRIMA 19,MERAH
1000,JALAN PRIMA 19,MERAH
1001,JALAN PRIMA 19,MERAH
1002,JALAN PRIMA 19,MERAH
1003,JALAN PRIMA 20,MERAH
1004,JALAN PRIMA 20,MERAH
1005,JALAN PRIMA 20,MERAH
1006,JALAN PRIMA 20,MERAH
1007,JALAN PRIMA 20,MERAH
1008,JALAN PRIMA 20,MERAH
1009,JALAN PRIMA 20,MERAH
1010,JALAN PRIMA 20,MERAH
1011,JALAN PRIMA 20,MERAH
1012,JALAN PRIMA 20,MERAH
1013,JALAN PRIMA 20,MERAH
1014,JALAN PRIMA 20,MERAH
1015,JALAN PRIMA 20,MERAH
1016,JALAN PRIMA 20,MERAH
1017,JALAN PRIMA 20,MERAH
1018,JALAN PRIMA 20,MERAH
1019,JALAN PRIMA 20,MERAH
1020,JALAN PRIMA 20,MERAH
1021,JALAN PRIMA 20,MERAH
1022,JALAN PRIMA 20,MERAH
1023,JALAN PRIMA 20,MERAH
1024,JALAN PRIMA 20,MERAH
1025,JALAN PRIMA 20,MERAH
1026,JALAN PRIMA 20,MERAH
1027,JALAN PRIMA 20,MERAH
1028,JALAN PRIMA 20,MERAH
1029,JALAN PRIMA 20,MERAH
1030,JALAN PRIMA 20,MERAH
1031,JALAN PRIMA 20,MERAH
1032,JALAN PRIMA 20,MERAH
1033,JALAN PRIMA 20,MERAH
1034,JALAN PRIMA 20,MERAH
1035,JALAN PRIMA 20,MERAH
1036,JALAN PRIMA 20,MERAH
1037,JALAN PRIMA 20,MERAH
1038,JALAN PRIMA 20,MERAH
1039,JALAN PRIMA 20,MERAH
1040,JALAN PRIMA 20,MERAH
1041,JALAN PRIMA 20,MERAH
1042,JALAN PRIMA 20,MERAH
1043,JALAN PRIMA 20,MERAH
1044,JALAN PRIMA 20,MERAH
1045,JALAN PRIMA 20,MERAH
1046,JALAN PRIMA 20,MERAH
1047,JALAN PRIMA 20,MERAH
1048,JALAN PRIMA 20,MERAH
1049,JALAN PRIMA 20,MERAH
1050,JALAN PRIMA 20,MERAH
1051,JALAN PRIMA 20,MERAH
1052,JALAN PRIMA 20,MERAH
1053,JALAN PRIMA 20,MERAH
1054,JALAN PRIMA 20,MERAH
1055,JALAN PRIMA 20,MERAH
1056,JALAN PRIMA 20,MERAH
1057,JALAN PRIMA 20,MERAH
1058,JALAN PRIMA 20,MERAH
1059,JALAN PRIMA 20,MERAH
1060,JALAN PRIMA 20,MERAH
1061,JALAN PRIMA 20,MERAH
1062,JALAN PRIMA 20,MERAH
1063,JALAN PRIMA 20,MERAH
1064,JALAN PRIMA 20,MERAH
1065,JALAN PRIMA 20,MERAH
1066,JALAN PRIMA 20,MERAH
1067,JALAN PRIMA 20,MERAH
1068,JALAN PRIMA 20,MERAH
1069,JALAN PRIMA 20,MERAH
1070,JALAN PRIMA 20,MERAH
1071,JALAN PRIMA 20,MERAH
1072,JALAN PRIMA 20,MERAH
1073,JALAN PRIMA 20,MERAH
1074,JALAN PRIMA 20,MERAH
1075,JALAN PRIMA 20,MERAH
1076,JALAN PRIMA 20,MERAH
1077,JALAN PRIMA 20,MERAH
1078,JALAN PRIMA 20,MERAH
1079,JALAN PRIMA 20,MERAH
1080,JALAN PRIMA 20,MERAH
1081,JALAN PRIMA 20,MERAH
1082,JALAN PRIMA 20,MERAH
1083,JALAN PRIMA 20,MERAH
1084,JALAN PRIMA 20,MERAH
1085,JALAN PRIMA 20,MERAH
1086,JALAN PRIMA 20,MERAH
1087,JALAN PRIMA 20,MERAH
1088,JALAN PRIMA 20,MERAH
1089,JALAN PRIMA 21,MERAH
1090,JALAN PRIMA 21,MERAH
1091,JALAN PRIMA 21,MERAH
1092,JALAN PRIMA 21,MERAH
1093,JALAN PRIMA 21,MERAH
1094,JALAN PRIMA 21,MERAH
1095,JALAN PRIMA 21,MERAH
1096,JALAN PRIMA 21,MERAH
1097,JALAN PRIMA 21,MERAH
1098,JALAN PRIMA 21,MERAH
1099,JALAN PRIMA 21,MERAH
1100,JALAN PRIMA 21,MERAH
1101,JALAN PRIMA 21,MERAH
1102,JALAN PRIMA 21,MERAH
1103,JALAN PRIMA 21,MERAH
1104,JALAN PRIMA 21,MERAH
1105,JALAN PRIMA 21,MERAH
1106,JALAN PRIMA 21,MERAH
1107,JALAN PRIMA 21,MERAH
1108,JALAN PRIMA 21,MERAH
1109,JALAN PRIMA 21,MERAH
1110,JALAN PRIMA 21,MERAH
1111,JALAN PRIMA 21,MERAH
1112,JALAN PRIMA 21,MERAH
1113,JALAN PRIMA 21,MERAH
1114,JALAN PRIMA 21,MERAH
1115,JALAN PRIMA 21,MERAH
1116,JALAN PRIMA 21,MERAH
1117,JALAN PRIMA 21,MERAH
1118,JALAN PRIMA 21,MERAH
1119,JALAN PRIMA 21,MERAH
1120,JALAN PRIMA 21,MERAH
1121,JALAN PRIMA 21,MERAH
1122,JALAN PRIMA 21,MERAH
1123,JALAN PRIMA 21,MERAH
1124,JALAN PRIMA 21,MERAH
1125,JALAN PRIMA 21,MERAH
1126,JALAN PRIMA 21,MERAH
1127,JALAN PRIMA 21,MERAH
1128,JALAN PRIMA 21,MERAH
1129,JALAN PRIMA 21,MERAH
1130,JALAN PRIMA 21,MERAH
1131,JALAN PRIMA 22,MERAH
1132,JALAN PRIMA 22,MERAH
1133,JALAN PRIMA 22,MERAH
1134,JALAN PRIMA 22,MERAH
1135,JALAN PRIMA 22,MERAH
1136,JALAN PRIMA 22,MERAH
1137,JALAN PRIMA 22,MERAH
1138,JALAN PRIMA 22,MERAH
1139,JALAN PRIMA 22,MERAH
1140,JALAN PRIMA 22,MERAH
1141,JALAN PRIMA 22,MERAH
1142,JALAN PRIMA 22,MERAH
1143,JALAN PRIMA 22,MERAH
1144,JALAN PRIMA 22,MERAH
1145,JALAN PRIMA 22,MERAH
1146,JALAN PRIMA 22,MERAH
1147,JALAN PRIMA 22,MERAH
1148,JALAN PRIMA 22,MERAH
1149,JALAN PRIMA 22,MERAH
1150,JALAN PRIMA 22,MERAH
1151,JALAN PRIMA 22,MERAH
1152,JALAN PRIMA 22,MERAH
1153,JALAN PRIMA 22,MERAH
1154,JALAN PRIMA 22,MERAH
1155,JALAN PRIMA 23,MERAH
1156,JALAN PRIMA 23,MERAH
1157,JALAN PRIMA 23,MERAH
1158,JALAN PRIMA 23,MERAH
1159,JALAN PRIMA 23,MERAH
1160,JALAN PRIMA 23,MERAH
1161,JALAN PRIMA 23,MERAH
1162,JALAN PRIMA 23,MERAH
1163,JALAN PRIMA 23,MERAH
1164,JALAN PRIMA 23,MERAH
1165,JALAN PRIMA 23,MERAH
1166,JALAN PRIMA 23,MERAH
1167,JALAN PRIMA 23,MERAH
1168,JALAN PRIMA 23,MERAH
1169,JALAN PRIMA 23,MERAH
1170,JALAN PRIMA 23,MERAH
1171,JALAN PRIMA 23,MERAH
1172,JALAN PRIMA 23,MERAH
1173,JALAN PRIMA 23,MERAH
1174,JALAN PRIMA 23,MERAH
1175,JALAN PRIMA 23,MERAH
1176,JALAN PRIMA 23,MERAH
1177,JALAN PRIMA 23,MERAH
1178,JALAN PRIMA 23,MERAH
1179,JALAN PRIMA 23,MERAH
1180,JALAN PRIMA 23,MERAH
1181,JALAN PRIMA 23,MERAH
1182,JALAN PRIMA 23,MERAH
1183,JALAN PRIMA 23,MERAH
1184,JALAN PRIMA 23,MERAH
1185,JALAN PRIMA 23,MERAH
1186,JALAN PRIMA 23,MERAH
1187,JALAN PRIMA 23,MERAH
1188,JALAN PRIMA 23,MERAH
1189,JALAN PRIMA 23,MERAH
1190,JALAN PRIMA 23,MERAH
1191,JALAN PRIMA 24,MERAH
1192,JALAN PRIMA 24,MERAH
1193,JALAN PRIMA 24,MERAH
1194,JALAN PRIMA 24,MERAH
1195,JALAN PRIMA 24,MERAH
1196,JALAN PRIMA 24,MERAH
1197,JALAN PRIMA 24,MERAH
1198,JALAN PRIMA 24,MERAH
1199,JALAN PRIMA 24,MERAH
1200,JALAN PRIMA 24,MERAH
1201,JALAN PRIMA 24,MERAH
1202,JALAN PRIMA 24,MERAH
1203,JALAN PRIMA 24,MERAH
1204,JALAN PRIMA 24,MERAH
1205,JALAN PRIMA 24,MERAH
1206,JALAN PRIMA 24,MERAH
1207,JALAN PRIMA 24,MERAH
1208,JALAN PRIMA 24,MERAH
1209,JALAN PRIMA 24,MERAH
1210,JALAN PRIMA 24,MERAH
1211,JALAN PRIMA 24,MERAH
1212,JALAN PRIMA 24,MERAH
1213,JALAN PRIMA 24,MERAH
1214,JALAN PRIMA 24,MERAH
1215,JALAN PRIMA 24,MERAH
1216,JALAN PRIMA 24,MERAH
1217,JALAN PRIMA 24,MERAH
1218,JALAN PRIMA 24,MERAH
1219,JALAN PRIMA 24,MERAH
1220,JALAN PRIMA 24,MERAH
1221,JALAN PRIMA 24,MERAH
1222,JALAN PRIMA 24,MERAH
1223,JALAN PRIMA 24,MERAH
1224,JALAN PRIMA 24,MERAH
1225,JALAN PRIMA 24,MERAH
1226,JALAN PRIMA 24,MERAH
1227,JALAN PRIMA 24,MERAH
1228,JALAN PRIMA 24,MERAH
1229,JALAN PRIMA 24,MERAH
1230,JALAN PRIMA 24,MERAH
1231,JALAN PRIMA 24,MERAH
1232,JALAN PRIMA 24,MERAH
1233,JALAN PRIMA 24,MERAH
1234,JALAN PRIMA 24,MERAH
1235,JALAN PRIMA 24,MERAH
1236,JALAN PRIMA 24,MERAH
1237,JALAN PRIMA 24,MERAH
1238,JALAN PRIMA 24,MERAH
1239,JALAN PRIMA 24,MERAH
1240,JALAN PRIMA 24,MERAH
1241,JALAN PRIMA 24,MERAH
1242,JALAN PRIMA 24,MERAH
1243,JALAN PRIMA 24,MERAH
1244,JALAN PRIMA 24,MERAH
1245,JALAN PRIMA 24,MERAH
1246,JALAN PRIMA 24,MERAH
1247,JALAN PRIMA 24,MERAH
1248,JALAN PRIMA 24,MERAH
1249,JALAN PRIMA 24,MERAH
1250,JALAN PRIMA 24,MERAH
1251,JALAN PRIMA 24,MERAH
1252,JALAN PRIMA 24,MERAH
1253,JALAN PRIMA 24,MERAH
1254,JALAN PRIMA 24,MERAH
1255,JALAN PRIMA 24,MERAH
1256,JALAN PRIMA 24,MERAH
1257,JALAN PRIMA 24,MERAH
1258,JALAN PRIMA 24,MERAH
1259,JALAN PRIMA 24,MERAH
1260,JALAN PRIMA 24,MERAH
1261,JALAN PRIMA 24,MERAH
1262,JALAN PRIMA 24,MERAH
1263,JALAN PRIMA 24,MERAH
1264,JALAN PRIMA 24,MERAH
1265,JALAN PRIMA 24,MERAH
1266,JALAN PRIMA 24,MERAH
1267,JALAN PRIMA 24,MERAH
1268,JALAN PRIMA 24,MERAH
1269,JALAN PRIMA 24,MERAH
1270,JALAN PRIMA 24,MERAH
1271,JALAN PRIMA 24,MERAH
1272,JALAN PRIMA 24,MERAH
1273,JALAN PRIMA 24,MERAH
1274,JALAN PRIMA 24,MERAH
1275,JALAN PRIMA 24,MERAH
1276,JALAN PRIMA 24,MERAH
1277,JALAN PRIMA 24,MERAH
1278,JALAN PRIMA 24,MERAH
1279,JALAN PRIMA 25,MERAH
1280,JALAN PRIMA 25,MERAH
1281,JALAN PRIMA 25,MERAH
1282,JALAN PRIMA 25,MERAH
1283,JALAN PRIMA 25,MERAH
1284,JALAN PRIMA 25,MERAH
1285,JALAN PRIMA 25,MERAH
1286,JALAN PRIMA 25,MERAH
1287,JALAN PRIMA 25,MERAH
1288,JALAN PRIMA 25,MERAH
1289,JALAN PRIMA 25,MERAH
1290,JALAN PRIMA 25,MERAH
1291,JALAN PRIMA 25,MERAH
1292,JALAN PRIMA 25,MERAH
1293,JALAN PRIMA 25,MERAH
1294,JALAN PRIMA 25,MERAH
1295,JALAN PRIMA 25,MERAH
1296,JALAN PRIMA 25,MERAH
1297,JALAN PRIMA 25,MERAH
1298,JALAN PRIMA 25,MERAH
1299,JALAN PRIMA 25,MERAH
1300,JALAN PRIMA 25,MERAH
1301,JALAN PRIMA 25,MERAH
1302,JALAN PRIMA 25,MERAH
1303,JALAN PRIMA 25,MERAH
1304,JALAN PRIMA 25,MERAH
1305,JALAN PRIMA 25,MERAH
1306,JALAN PRIMA 25,MERAH
1307,JALAN PRIMA 25,MERAH
1308,JALAN PRIMA 25,MERAH
1309,JALAN PRIMA 25,MERAH
1310,JALAN PRIMA 25,MERAH
1311,JALAN PRIMA 25,MERAH
1312,JALAN PRIMA 25,MERAH
1313,JALAN PRIMA 25,MERAH
1314,JALAN PRIMA 25,MERAH
1315,JALAN PRIMA 25,MERAH
1316,JALAN PRIMA 25,MERAH
1317,JALAN PRIMA 25,MERAH
1318,JALAN PRIMA 25,MERAH
1319,JALAN PRIMA 25,MERAH
1320,JALAN PRIMA 25,MERAH
1321,JALAN PRIMA 25,MERAH
1322,JALAN PRIMA 25,MERAH
1323,JALAN PRIMA 25,MERAH
1324,JALAN PRIMA 25,MERAH
1325,JALAN PRIMA 25,MERAH
1326,JALAN PRIMA 25,MERAH
1327,JALAN PRIMA 25,MERAH
1328,JALAN PRIMA 25,MERAH
1329,JALAN PRIMA 25,MERAH
1330,JALAN PRIMA 25,MERAH
1331,JALAN PRIMA 25,MERAH
1332,JALAN PRIMA 25,MERAH
1333,JALAN PRIMA 25,MERAH
1334,JALAN PRIMA 25,MERAH
1335,JALAN PRIMA 25,MERAH
1336,JALAN PRIMA 25,MERAH
1337,JALAN PRIMA 25,MERAH
1338,JALAN PRIMA 25,MERAH
1339,JALAN PRIMA 25,MERAH
1340,JALAN PRIMA 25,MERAH
1341,JALAN PRIMA 25,MERAH
1342,JALAN PRIMA 25,MERAH
1343,JALAN PRIMA 25,MERAH
1344,JALAN PRIMA 25,MERAH
1345,JALAN PRIMA 25,MERAH
1346,JALAN PRIMA 25,MERAH
1347,JALAN PRIMA 25,MERAH
1348,JALAN PRIMA 25,MERAH
1349,JALAN PRIMA 25,MERAH
